x1,x2,y,predicted_y
0.0,5.0,16.18233389910383,15.95703125
0.01763668430335097,5.017636684303351,16.061464182088702,16.046875
0.03527336860670194,5.035273368606702,15.572790515734916,16.1328125
0.05291005291005291,5.052910052910053,16.529251466215793,16.22265625
0.07054673721340388,5.070546737213403,16.094510578246997,16.30859375
0.08818342151675485,5.088183421516755,17.5947955931475,16.3984375
0.10582010582010581,5.105820105820106,15.572475499589471,16.486328125
0.12345679012345678,5.1234567901234565,15.77092312562496,16.57421875
0.14109347442680775,5.141093474426808,17.125449191291008,16.6640625
0.15873015873015872,5.158730158730159,14.924163596010178,16.75390625
0.1763668430335097,5.1763668430335095,17.553366326648344,16.83984375
0.19400352733686066,5.194003527336861,15.00850248973502,16.927734375
0.21164021164021163,5.211640211640212,17.41116217733686,17.017578125
0.2292768959435626,5.2292768959435625,17.40742589397014,17.103515625
0.24691358024691357,5.246913580246914,17.889815631454454,17.193359375
0.26455026455026454,5.264550264550264,16.603012909678494,17.279296875
0.2821869488536155,5.2821869488536155,17.988084963208806,17.369140625
0.2998236331569665,5.299823633156967,18.238369131590645,17.45703125
0.31746031746031744,5.317460317460317,18.137804101276448,17.544921875
0.3350970017636684,5.3350970017636685,18.351501584607483,17.6328125
0.3527336860670194,5.352733686067019,16.521044008014705,17.720703125
0.37037037037037035,5.37037037037037,16.32941474826314,17.80859375
0.3880070546737213,5.3880070546737215,17.917025785768285,17.8984375
0.4056437389770723,5.405643738977072,18.034154229450117,17.984375
0.42328042328042326,5.423280423280423,18.11591897055941,18.076171875
0.4409171075837742,5.440917107583775,18.348006729111138,18.1640625
0.4585537918871252,5.458553791887125,16.726406239823092,18.251953125
0.47619047619047616,5.476190476190476,18.554294554178185,18.33984375
0.49382716049382713,5.493827160493828,18.645896194742406,18.4296875
0.5114638447971781,5.511463844797178,17.506438865109896,18.515625
0.5291005291005291,5.529100529100529,18.43026335786442,18.603515625
0.54673721340388,5.54673721340388,19.258645214513347,18.69140625
0.564373897707231,5.564373897707231,19.353300367798106,18.779296875
0.582010582010582,5.582010582010582,19.554540478897778,18.869140625
0.599647266313933,5.599647266313933,18.533522006763466,18.955078125
0.6172839506172839,5.617283950617284,20.80903128670024,19.044921875
0.6349206349206349,5.634920634920634,19.715215214080434,19.130859375
0.6525573192239859,5.652557319223986,18.39387984101618,19.220703125
0.6701940035273368,5.670194003527337,18.64409135034386,19.30859375
0.6878306878306878,5.6878306878306875,19.271204919427362,19.3984375
0.7054673721340388,5.705467372134039,20.25532063332867,19.486328125
0.7231040564373897,5.72310405643739,18.47039092835284,19.576171875
0.7407407407407407,5.7407407407407405,20.117722275786566,19.662109375
0.7583774250440917,5.758377425044092,20.074717497110452,19.751953125
0.7760141093474426,5.776014109347443,20.952909471333736,19.83984375
0.7936507936507936,5.7936507936507935,20.20792759558192,19.927734375
0.8112874779541446,5.811287477954145,20.059321782464227,20.015625
0.8289241622574955,5.828924162257495,19.59945412313194,20.103515625
0.8465608465608465,5.8465608465608465,20.879575040074094,20.19140625
0.8641975308641975,5.864197530864198,20.22493861463669,20.279296875
0.8818342151675485,5.881834215167548,21.183427714658848,20.3671875
0.8994708994708994,5.8994708994708995,20.961171908123834,20.455078125
0.9171075837742504,5.91710758377425,20.24931853886306,20.54296875
0.9347442680776014,5.934744268077601,18.494772383061168,20.630859375
0.9523809523809523,5.9523809523809526,20.75679345461548,20.720703125
0.9700176366843033,5.970017636684303,21.58064118600502,20.80859375
0.9876543209876543,5.987654320987654,23.357206893270043,20.8984375
1.0052910052910051,6.005291005291005,19.643946999270128,20.984375
1.0229276895943562,6.022927689594356,24.046589226380824,21.07421875
1.0405643738977073,6.040564373897707,20.840676659602565,21.162109375
1.0582010582010581,6.058201058201059,19.98276186860305,21.251953125
1.075837742504409,6.075837742504409,20.924144703505778,21.337890625
1.09347442680776,6.09347442680776,21.730639400332628,21.427734375
1.1111111111111112,6.111111111111111,20.96049418382103,21.513671875
1.128747795414462,6.128747795414462,19.06800533953586,21.603515625
1.1463844797178129,6.146384479717813,22.04941264179084,21.69140625
1.164021164021164,6.164021164021164,23.71118364096756,21.77734375
1.181657848324515,6.181657848324515,21.743908088388135,21.8671875
1.199294532627866,6.1992945326278655,21.780332383372404,21.953125
1.2169312169312168,6.216931216931217,20.84516207274246,22.044921875
1.2345679012345678,6.234567901234568,22.69715182790902,22.1328125
1.252204585537919,6.252204585537919,21.95857035423712,22.220703125
1.2698412698412698,6.26984126984127,23.972562576568663,22.30859375
1.2874779541446206,6.28747795414462,23.686167400533794,22.396484375
1.3051146384479717,6.3051146384479715,23.147773817886126,22.484375
1.3227513227513228,6.322751322751323,24.756323561162233,22.57421875
1.3403880070546736,6.340388007054674,21.097518634222325,22.662109375
1.3580246913580245,6.3580246913580245,23.755870804074192,22.75
1.3756613756613756,6.375661375661376,22.12633725980999,22.837890625
1.3932980599647267,6.393298059964726,23.826189993667064,22.92578125
1.4109347442680775,6.4109347442680775,23.518912685223746,23.013671875
1.4285714285714284,6.428571428571429,23.160859076567988,23.103515625
1.4462081128747795,6.446208112874779,23.366232984883638,23.189453125
1.4638447971781305,6.4638447971781305,21.87797294501616,23.279296875
1.4814814814814814,6.481481481481481,24.28107316848615,23.365234375
1.4991181657848323,6.499118165784832,24.386506087972553,23.455078125
1.5167548500881833,6.516754850088184,23.67324292330945,23.544921875
1.5343915343915344,6.534391534391535,22.755318539294088,23.630859375
1.5520282186948853,6.552028218694885,24.68107539850418,23.720703125
1.5696649029982361,6.569664902998236,24.277958699985227,23.806640625
1.5873015873015872,6.587301587301587,23.432454816763308,23.896484375
1.6049382716049383,6.604938271604938,24.00430124314886,23.984375
1.6225749559082892,6.62257495590829,23.4397799834608,24.07421875
1.64021164021164,6.64021164021164,23.835270598905673,24.16015625
1.657848324514991,6.657848324514991,24.96663724716023,24.25
1.6754850088183422,6.675485008818342,24.141837880949137,24.3359375
1.693121693121693,6.693121693121693,25.78135381549554,24.42578125
1.7107583774250439,6.710758377425044,22.762976494964605,24.513671875
1.728395061728395,6.728395061728395,25.529661337010257,24.6015625
1.746031746031746,6.746031746031746,24.19786719559974,24.689453125
1.763668430335097,6.7636684303350965,24.181284777287907,24.77734375
1.7813051146384478,6.781305114638448,26.289971578194713,24.8671875
1.7989417989417988,6.798941798941799,24.269937599495925,24.95703125
1.81657848324515,6.81657848324515,24.052741727251856,25.044921875
1.8342151675485008,6.834215167548501,24.797126812825468,25.130859375
1.8518518518518516,6.851851851851851,26.938864785276557,25.21875
1.8694885361552027,6.8694885361552025,25.316087233885337,25.306640625
1.8871252204585538,6.887125220458554,26.16727162798441,25.396484375
1.9047619047619047,6.904761904761905,23.029275377152878,25.484375
1.9223985890652555,6.9223985890652555,26.573577820286598,25.572265625
1.9400352733686066,6.940035273368607,27.272046404918743,25.66015625
1.9576719576719577,6.957671957671957,25.486424011969785,25.748046875
1.9753086419753085,6.9753086419753085,26.50251620978107,25.8359375
1.9929453262786594,6.99294532627866,26.18652722688854,25.92578125
2.0105820105820102,7.01058201058201,26.79830714393675,26.013671875
2.0282186948853616,7.0282186948853616,27.678889253397422,26.1015625
2.0458553791887124,7.045855379188712,27.11878923180064,26.1875
2.0634920634920633,7.063492063492063,26.170586068385663,26.279296875
2.0811287477954146,7.081128747795415,27.004960707764354,26.365234375
2.0987654320987654,7.098765432098766,26.764453515115044,26.45703125
2.1164021164021163,7.116402116402116,27.075120007919626,26.54296875
2.134038800705467,7.134038800705467,25.46723107156178,26.630859375
2.151675485008818,7.151675485008818,26.78959561739509,26.71875
2.1693121693121693,7.169312169312169,25.99447202876951,26.806640625
2.18694885361552,7.186948853615521,26.26181057876152,26.896484375
2.204585537918871,7.204585537918871,25.471493905732366,26.982421875
2.2222222222222223,7.222222222222222,25.170462251378233,27.072265625
2.239858906525573,7.239858906525573,26.929118601233967,27.158203125
2.257495590828924,7.257495590828924,27.43424083878649,27.248046875
2.275132275132275,7.275132275132275,26.770185082100102,27.3359375
2.2927689594356258,7.292768959435626,27.60849729430059,27.42578125
2.310405643738977,7.310405643738977,27.814784653597247,27.51171875
2.328042328042328,7.3280423280423275,28.249797262213537,27.6015625
2.3456790123456788,7.345679012345679,26.93938522614945,27.689453125
2.36331569664903,7.36331569664903,28.85317247107947,27.77734375
2.380952380952381,7.380952380952381,29.66978518295905,27.8671875
2.398589065255732,7.398589065255732,27.154827637476952,27.955078125
2.4162257495590826,7.416225749559082,27.578431993649808,28.041015625
2.4338624338624335,7.4338624338624335,29.564986523519497,28.130859375
2.451499118165785,7.451499118165785,28.898159047518348,28.21875
2.4691358024691357,7.469135802469136,28.396863188115667,28.30859375
2.4867724867724865,7.4867724867724865,27.916342921362258,28.39453125
2.504409171075838,7.504409171075838,26.8647181164685,28.482421875
2.5220458553791887,7.522045855379188,28.198312831992922,28.5703125
2.5396825396825395,7.5396825396825395,28.687042157067143,28.658203125
2.5573192239858904,7.557319223985891,27.764100421019638,28.748046875
2.5749559082892413,7.574955908289241,28.894646335605998,28.8359375
2.5925925925925926,7.592592592592593,28.775523249508794,28.923828125
2.6102292768959434,7.610229276895943,28.535858641405387,29.01171875
2.6278659611992943,7.627865961199294,28.82205025238289,29.1015625
2.6455026455026456,7.645502645502646,29.652952352654513,29.1875
2.6631393298059964,7.663139329805997,28.620703072050386,29.279296875
2.6807760141093473,7.680776014109347,28.3664717370053,29.365234375
2.698412698412698,7.698412698412698,27.44818459215264,29.453125
2.716049382716049,7.716049382716049,30.449649113894672,29.541015625
2.7336860670194003,7.7336860670194,30.034729922942937,29.630859375
2.751322751322751,7.751322751322752,30.043584554068946,29.71875
2.768959435626102,7.768959435626102,28.761055814068744,29.806640625
2.7865961199294533,7.786596119929453,30.543423427411486,29.89453125
2.804232804232804,7.804232804232804,30.291907773208383,29.982421875
2.821869488536155,7.821869488536155,29.55861111155627,30.0703125
2.839506172839506,7.839506172839506,29.69360536546873,30.16015625
2.8571428571428568,7.857142857142857,29.993759978052424,30.248046875
2.874779541446208,7.874779541446208,30.959549677467166,30.333984375
2.892416225749559,7.8924162257495585,30.701672129776703,30.423828125
2.91005291005291,7.91005291005291,28.960429637605582,30.51171875
2.927689594356261,7.927689594356261,30.43808891355244,30.59765625
2.945326278659612,7.945326278659612,30.354402162053425,30.69140625
2.962962962962963,7.962962962962963,31.51899509762571,30.775390625
2.9805996472663137,7.980599647266313,30.110902096773984,30.86328125
2.9982363315696645,7.9982363315696645,30.819606014422583,30.951171875
3.015873015873016,8.015873015873016,30.860483799008566,31.04296875
3.0335097001763667,8.033509700176367,30.80274986628459,31.130859375
3.0511463844797175,8.051146384479718,30.714697067781692,31.21875
3.068783068783069,8.06878306878307,31.855518763080678,31.306640625
3.0864197530864197,8.08641975308642,30.709910865422042,31.39453125
3.1040564373897706,8.10405643738977,30.266044771223584,31.482421875
3.1216931216931214,8.121693121693122,32.845203038136084,31.572265625
3.1393298059964723,8.139329805996471,31.920909896377847,31.65625
3.1569664902998236,8.156966490299823,31.70181383818065,31.7421875
3.1746031746031744,8.174603174603174,31.81824742269348,31.8359375
3.1922398589065253,8.192239858906525,31.60261878186464,31.923828125
3.2098765432098766,8.209876543209877,31.365516909285187,32.01171875
3.2275132275132274,8.227513227513228,32.852205249193894,32.099609375
3.2451499118165783,8.24514991181658,32.089201541355536,32.19140625
3.262786596119929,8.262786596119929,34.17279793743111,32.275390625
3.28042328042328,8.28042328042328,32.227782060872244,32.36328125
3.2980599647266313,8.298059964726631,32.12633458044632,32.451171875
3.315696649029982,8.315696649029983,32.74280344874473,32.54296875
3.333333333333333,8.333333333333332,31.31191858400122,32.626953125
3.3509700176366843,8.350970017636683,33.971244496452,32.71484375
3.368606701940035,8.368606701940035,31.683213125084755,32.802734375
3.386243386243386,8.386243386243386,32.27337415649083,32.89453125
3.403880070546737,8.403880070546737,33.341583267993954,32.984375
3.4215167548500878,8.421516754850089,33.56784117439604,33.072265625
3.439153439153439,8.43915343915344,33.17247782058659,33.158203125
3.45679012345679,8.45679012345679,34.88548196579555,33.248046875
3.474426807760141,8.47442680776014,34.74933892543893,33.3359375
3.492063492063492,8.492063492063492,33.309035163121536,33.423828125
3.509700176366843,8.509700176366843,33.35070611036025,33.51171875
3.527336860670194,8.527336860670193,33.10305675234498,33.595703125
3.5449735449735447,8.544973544973544,33.09110153123,33.6875
3.5626102292768955,8.562610229276896,33.94532270532993,33.775390625
3.580246913580247,8.580246913580247,33.95643472727725,33.86328125
3.5978835978835977,8.597883597883598,33.34057045577606,33.951171875
3.6155202821869485,8.61552028218695,34.183383427479995,34.04296875
3.6331569664903,8.6331569664903,34.58290706784322,34.130859375
3.6507936507936507,8.65079365079365,34.86145846797219,34.21484375
3.6684303350970016,8.668430335097002,34.062541152900124,34.302734375
3.6860670194003524,8.686067019400353,36.247236374069786,34.396484375
3.7037037037037033,8.703703703703702,34.390356735067854,34.48046875
3.7213403880070546,8.721340388007054,33.25756836202148,34.568359375
3.7389770723104054,8.738977072310405,35.07763804122483,34.65625
3.7566137566137563,8.756613756613756,34.827343307458705,34.748046875
3.7742504409171076,8.774250440917108,34.207368952196546,34.8359375
3.7918871252204585,8.791887125220459,34.40381174279211,34.923828125
3.8095238095238093,8.80952380952381,34.57337045167419,35.01171875
3.82716049382716,8.82716049382716,38.059287003187464,35.095703125
3.844797178130511,8.844797178130511,36.27196716450141,35.1875
3.8624338624338623,8.862433862433862,33.20609035186748,35.275390625
3.880070546737213,8.880070546737214,35.78913073983208,35.36328125
3.897707231040564,8.897707231040563,35.54935815460885,35.447265625
3.9153439153439153,8.915343915343914,37.40122953727207,35.5390625
3.932980599647266,8.932980599647266,36.3250411286392,35.626953125
3.950617283950617,8.950617283950617,35.43072091484316,35.71484375
3.968253968253968,8.968253968253968,34.59497912452737,35.8046875
3.985890652557319,8.98589065255732,36.86721162394354,35.896484375
4.00352733686067,9.003527336860671,35.1222423627329,35.984375
4.0211640211640205,9.02116402116402,37.16743202728101,36.068359375
4.038800705467372,9.038800705467372,37.981598198841574,36.15625
4.056437389770723,9.056437389770723,37.88584483353144,36.248046875
4.0740740740740735,9.074074074074073,35.969277392768944,36.33203125
4.091710758377425,9.091710758377424,37.633516549824215,36.419921875
4.109347442680776,9.109347442680775,34.88110685503916,36.5078125
4.1269841269841265,9.126984126984127,36.4315071414486,36.599609375
4.144620811287478,9.144620811287478,36.49881074141572,36.6875
4.162257495590829,9.16225749559083,36.07698276530761,36.775390625
4.1798941798941796,9.17989417989418,36.0760213441706,36.86328125
4.197530864197531,9.197530864197532,35.207514453863055,36.951171875
4.215167548500881,9.215167548500881,35.43494908713422,37.041015625
4.232804232804233,9.232804232804233,35.7418121452998,37.12890625
4.250440917107584,9.250440917107584,39.060582189062735,37.21484375
4.268077601410934,9.268077601410933,35.824864329477194,37.30078125
4.285714285714286,9.285714285714285,35.623442900951105,37.392578125
4.303350970017636,9.303350970017636,35.60575298827852,37.48046875
4.320987654320987,9.320987654320987,37.133573876269246,37.568359375
4.338624338624339,9.338624338624339,36.598175596444655,37.65625
4.356261022927689,9.35626102292769,37.67773402933957,37.748046875
4.37389770723104,9.373897707231041,38.131291161657245,37.8359375
4.391534391534392,9.391534391534393,38.40264902171679,37.923828125
4.409171075837742,9.409171075837742,37.557687301164364,38.0078125
4.426807760141093,9.426807760141093,37.32141545088742,38.099609375
4.444444444444445,9.444444444444445,37.03491560691125,38.1875
4.462081128747795,9.462081128747794,39.34324324548029,38.271484375
4.479717813051146,9.479717813051145,39.738370357123756,38.359375
4.497354497354497,9.497354497354497,37.172487380978495,38.44921875
4.514991181657848,9.514991181657848,36.062996945436026,38.541015625
4.532627865961199,9.5326278659612,39.47160249091733,38.626953125
4.55026455026455,9.55026455026455,39.17249048518324,38.716796875
4.567901234567901,9.567901234567902,38.72881062512922,38.8046875
4.5855379188712515,9.585537918871252,39.839186999789334,38.892578125
4.603174603174603,9.603174603174603,37.51078888581669,38.98046875
4.620811287477954,9.620811287477954,38.10594785046163,39.068359375
4.6384479717813045,9.638447971781304,38.743712967211046,39.15234375
4.656084656084656,9.656084656084655,38.653120048051,39.244140625
4.673721340388007,9.673721340388006,39.5189269569183,39.33203125
4.6913580246913575,9.691358024691358,39.681443388776344,39.419921875
4.708994708994709,9.708994708994709,41.90601387832012,39.5078125
4.72663139329806,9.72663139329806,41.2341172776292,39.599609375
4.744268077601411,9.744268077601411,38.80137569912391,39.689453125
4.761904761904762,9.761904761904763,40.466536131131406,39.775390625
4.779541446208112,9.779541446208112,40.018941854367554,39.861328125
4.797178130511464,9.797178130511464,41.08118112676928,39.953125
4.814814814814815,9.814814814814815,39.34319753130051,40.0390625
4.832451499118165,9.832451499118164,41.376887822112465,40.125
4.850088183421517,9.850088183421516,39.93018208006475,40.212890625
4.867724867724867,9.867724867724867,38.86113611139147,40.30078125
4.885361552028218,9.885361552028218,40.258044067781604,40.392578125
4.90299823633157,9.90299823633157,39.938385098310256,40.48046875
4.92063492063492,9.920634920634921,41.08656451911531,40.568359375
4.938271604938271,9.938271604938272,40.67485646355493,40.65625
4.955908289241623,9.955908289241624,38.620301891415004,40.748046875
4.973544973544973,9.973544973544973,41.12877154273317,40.83203125
4.991181657848324,9.991181657848324,39.81790239736446,40.919921875
5.008818342151676,10.008818342151676,41.47785667227018,41.0078125
5.026455026455026,10.026455026455025,40.467225577262326,41.09765625
5.044091710758377,10.044091710758376,41.160620136282475,41.18359375
5.061728395061728,10.061728395061728,39.57490065966877,41.2734375
5.079365079365079,10.079365079365079,41.82455407479643,41.361328125
5.09700176366843,10.09700176366843,40.671714580967055,41.451171875
5.114638447971781,10.114638447971782,40.97707617507376,41.541015625
5.132275132275132,10.132275132275133,41.69787019210115,41.62890625
5.1499118165784825,10.149911816578483,41.52002366010985,41.712890625
5.167548500881834,10.167548500881834,43.17807105362038,41.80078125
5.185185185185185,10.185185185185185,41.1404208040775,41.892578125
5.2028218694885355,10.202821869488535,42.58577799232631,41.9765625
5.220458553791887,10.220458553791886,42.98575868585397,42.064453125
5.238095238095238,10.238095238095237,41.08971676234253,42.15234375
5.2557319223985886,10.255731922398589,44.87984483452652,42.24609375
5.27336860670194,10.27336860670194,42.032878656019214,42.33203125
5.291005291005291,10.291005291005291,41.48221562643421,42.419921875
5.308641975308642,10.308641975308642,44.67566438740817,42.509765625
5.326278659611993,10.326278659611994,44.170493494772835,42.599609375
5.343915343915343,10.343915343915343,43.54595637543457,42.685546875
5.361552028218695,10.361552028218695,43.386787332933544,42.7734375
5.379188712522046,10.379188712522046,41.78857894893017,42.859375
5.396825396825396,10.396825396825395,43.27021079462155,42.94921875
5.414462081128748,10.414462081128747,42.81805577755893,43.037109375
5.432098765432098,10.432098765432098,43.534839205144834,43.125
5.449735449735449,10.44973544973545,42.43031600760415,43.212890625
5.467372134038801,10.4673721340388,44.25426115585077,43.3046875
5.485008818342151,10.485008818342152,44.15181678892436,43.392578125
5.502645502645502,10.502645502645503,44.670721892639,43.48046875
5.520282186948854,10.520282186948855,43.36687113542101,43.568359375
5.537918871252204,10.537918871252204,44.30875986705293,43.654296875
5.555555555555555,10.555555555555555,43.43382969433185,43.744140625
5.573192239858907,10.573192239858907,43.06629755663275,43.83203125
5.590828924162257,10.590828924162256,43.734924578153596,43.91796875
5.608465608465608,10.608465608465607,43.42358923556495,44.00390625
5.626102292768959,10.626102292768959,45.46301347327821,44.09765625
5.64373897707231,10.64373897707231,43.49498117821881,44.185546875
5.661375661375661,10.661375661375661,45.165371995434725,44.271484375
5.679012345679012,10.679012345679013,43.82346262410613,44.361328125
5.696649029982363,10.696649029982364,45.1074953403557,44.453125
5.7142857142857135,10.714285714285714,45.17749601648827,44.537109375
5.731922398589065,10.731922398589065,45.0724214524406,44.625
5.749559082892416,10.749559082892416,43.26496167504321,44.712890625
5.7671957671957665,10.767195767195766,43.933985165167286,44.802734375
5.784832451499118,10.784832451499117,44.740290110166136,44.888671875
5.802469135802469,10.802469135802468,45.698074080147094,44.9765625
5.82010582010582,10.82010582010582,44.8773029979912,45.06640625
5.837742504409171,10.83774250440917,45.33922554861273,45.15234375
5.855379188712522,10.855379188712522,44.340408619163625,45.244140625
5.873015873015873,10.873015873015873,44.8020256958924,45.333984375
5.890652557319224,10.890652557319225,45.41646689803891,45.419921875
5.908289241622574,10.908289241622574,45.98782280857844,45.505859375
5.925925925925926,10.925925925925926,45.011354016200826,45.59765625
5.943562610229277,10.943562610229277,45.18996282355121,45.68359375
5.961199294532627,10.961199294532626,45.92400793952573,45.76953125
5.978835978835979,10.978835978835978,46.35455002723301,45.857421875
5.996472663139329,10.996472663139329,46.52958427435817,45.94921875
6.01410934744268,11.01410934744268,47.184057556728945,46.037109375
6.031746031746032,11.031746031746032,43.13323450704708,46.125
6.049382716049382,11.049382716049383,45.114411299422684,46.21484375
6.067019400352733,11.067019400352734,45.888102492454166,46.3046875
6.084656084656085,11.084656084656086,47.3684544404141,46.392578125
6.102292768959435,11.102292768959435,46.54717873394561,46.478515625
6.119929453262786,11.119929453262786,46.89138949000764,46.564453125
6.137566137566138,11.137566137566138,45.96248753214376,46.65625
6.155202821869488,11.155202821869487,46.793331785330935,46.7421875
6.172839506172839,11.172839506172838,46.331785496887164,46.828125
6.19047619047619,11.19047619047619,45.765077824078645,46.91796875
6.208112874779541,11.208112874779541,46.30158516682566,47.005859375
6.225749559082892,11.225749559082892,46.34899542971628,47.095703125
6.243386243386243,11.243386243386244,46.28814069603914,47.185546875
6.261022927689594,11.261022927689595,47.14769162988825,47.2734375
6.2786596119929445,11.278659611992945,48.15624441532066,47.359375
6.296296296296296,11.296296296296296,47.87719437403791,47.44921875
6.313932980599647,11.313932980599647,48.27073706616785,47.537109375
6.3315696649029976,11.331569664902997,47.875873265478305,47.623046875
6.349206349206349,11.349206349206348,47.78997053678964,47.708984375
6.3668430335097,11.3668430335097,47.50332789119729,47.80078125
6.384479717813051,11.38447971781305,46.37803725094918,47.890625
6.402116402116402,11.402116402116402,47.76363196402521,47.9765625
6.419753086419753,11.419753086419753,48.26363503341329,48.064453125
6.437389770723104,11.437389770723104,47.93413417673816,48.158203125
6.455026455026455,11.455026455026456,47.18235650165508,48.244140625
6.472663139329805,11.472663139329805,47.61273557433088,48.330078125
6.490299823633157,11.490299823633157,48.97633089396897,48.41796875
6.507936507936508,11.507936507936508,49.0703903312306,48.50390625
6.525573192239858,11.525573192239857,48.65391710155574,48.59375
6.54320987654321,11.543209876543209,48.466250278897434,48.681640625
6.56084656084656,11.56084656084656,46.94483665760955,48.771484375
6.578483245149911,11.578483245149911,48.662709812634894,48.857421875
6.596119929453263,11.596119929453263,50.28217711307846,48.94921875
6.613756613756613,11.613756613756614,48.553189691461164,49.0390625
6.631393298059964,11.631393298059965,47.8755842186562,49.125
6.649029982363316,11.649029982363317,49.70579204213977,49.212890625
6.666666666666666,11.666666666666666,49.09261853957303,49.302734375
6.684303350970017,11.684303350970017,51.44752505081768,49.388671875
6.701940035273369,11.701940035273369,49.63084210692637,49.4765625
6.719576719576719,11.719576719576718,51.40833956978151,49.5625
6.73721340388007,11.73721340388007,48.610324116629,49.65234375
6.754850088183421,11.75485008818342,49.53356172152405,49.7421875
6.772486772486772,11.772486772486772,50.00637913606104,49.830078125
6.790123456790123,11.790123456790123,49.07530101382007,49.916015625
6.807760141093474,11.807760141093475,49.44688524200867,50.009765625
6.825396825396825,11.825396825396826,49.95485627000785,50.09765625
6.8430335097001755,11.843033509700176,49.12531667544015,50.18359375
6.860670194003527,11.860670194003527,50.88166478415886,50.26953125
6.878306878306878,11.878306878306878,49.610711866086476,50.357421875
6.895943562610229,11.895943562610228,51.13937323038274,50.447265625
6.91358024691358,11.913580246913579,52.19385387111018,50.533203125
6.931216931216931,11.93121693121693,49.650619164556694,50.62109375
6.948853615520282,11.948853615520282,50.13446367405193,50.7109375
6.966490299823633,11.966490299823633,50.7503396275461,50.80078125
6.984126984126984,11.984126984126984,50.30612661671497,50.888671875
7.001763668430335,12.001763668430335,50.04553678918389,50.978515625
7.019400352733686,12.019400352733687,50.21902164736602,51.064453125
7.037037037037036,12.037037037037036,50.2232242083572,51.154296875
7.054673721340388,12.054673721340388,50.58148887152584,51.2421875
7.072310405643739,12.072310405643739,51.93965737032902,51.330078125
7.089947089947089,12.089947089947088,51.496226076331936,51.4140625
7.107583774250441,12.10758377425044,51.1539594035655,51.505859375
7.125220458553791,12.125220458553791,52.65684835399328,51.595703125
7.142857142857142,12.142857142857142,50.49860546342584,51.681640625
7.160493827160494,12.160493827160494,51.99926170973336,51.76953125
7.178130511463844,12.178130511463845,52.14452412576797,51.859375
7.195767195767195,12.195767195767196,53.03979581540862,51.94921875
7.213403880070547,12.213403880070548,51.94974039736378,52.037109375
7.231040564373897,12.231040564373897,50.37313940683513,52.123046875
7.248677248677248,12.248677248677248,51.58842220490032,52.208984375
7.2663139329806,12.2663139329806,51.647966440361955,52.30078125
7.28395061728395,12.28395061728395,52.59262395069554,52.38671875
7.301587301587301,12.3015873015873,53.32689909417493,52.47265625
7.319223985890652,12.319223985890652,52.79677504612831,52.5625
7.336860670194003,12.336860670194003,53.18555927045054,52.654296875
7.354497354497354,12.354497354497354,53.7563590161199,52.7421875
7.372134038800705,12.372134038800706,50.87282228331032,52.830078125
7.389770723104056,12.389770723104057,52.44358063939405,52.91796875
7.4074074074074066,12.407407407407407,52.237086310769314,53.0078125
7.425044091710758,12.425044091710758,52.31033649220643,53.09375
7.442680776014109,12.44268077601411,54.7316897582937,53.181640625
7.46031746031746,12.460317460317459,53.424735495974296,53.267578125
7.477954144620811,12.47795414462081,54.527816333438764,53.357421875
7.495590828924162,12.495590828924161,52.21017876360384,53.4453125
7.513227513227513,12.513227513227513,53.7772836403734,53.53515625
7.530864197530864,12.530864197530864,53.447405745832775,53.62109375
7.548500881834215,12.548500881834215,51.955775918159034,53.708984375
7.566137566137566,12.566137566137566,53.706455768786824,53.802734375
7.583774250440917,12.583774250440918,53.53631366752655,53.890625
7.601410934744267,12.601410934744267,52.440578262585625,53.974609375
7.619047619047619,12.619047619047619,53.40209373725295,54.0625
7.63668430335097,12.63668430335097,54.43297476543608,54.154296875
7.65432098765432,12.65432098765432,53.88470489794255,54.23828125
7.671957671957672,12.67195767195767,52.49485232501814,54.326171875
7.689594356261022,12.689594356261022,53.166254915267714,54.416015625
7.707231040564373,12.707231040564373,53.88728005459661,54.505859375
7.724867724867725,12.724867724867725,55.55976734761268,54.59375
7.742504409171075,12.742504409171076,55.37828686189828,54.68359375
7.760141093474426,12.760141093474427,55.911750720650225,54.76953125
7.777777777777778,12.777777777777779,56.63974686448202,54.861328125
7.795414462081128,12.795414462081128,54.360879458199236,54.947265625
7.813051146384479,12.81305114638448,55.044348590193216,55.033203125
7.830687830687831,12.83068783068783,56.531535021341504,55.12109375
7.848324514991181,12.84832451499118,54.46392025244334,55.20703125
7.865961199294532,12.865961199294532,56.06051685368663,55.298828125
7.883597883597883,12.883597883597883,55.463018055232496,55.38671875
7.901234567901234,12.901234567901234,55.246121257534085,55.474609375
7.918871252204585,12.918871252204585,54.97779831938153,55.5625
7.936507936507936,12.936507936507937,55.959406949708224,55.654296875
7.954144620811287,12.954144620811288,54.73532214834218,55.7421875
7.971781305114638,12.971781305114638,54.08885284915898,55.828125
7.989417989417989,12.989417989417989,55.03783577634123,55.9140625
8.00705467372134,13.00705467372134,56.484556170096695,56.005859375
8.024691358024691,13.024691358024691,54.659327063948,56.09375
8.042328042328041,13.042328042328041,55.649251508231245,56.1796875
8.059964726631392,13.059964726631392,58.48577589582337,56.267578125
8.077601410934744,13.077601410934744,55.7067776304869,56.359375
8.095238095238095,13.095238095238095,56.53415846479909,56.447265625
8.112874779541446,13.112874779541446,56.194612709012105,56.533203125
8.130511463844798,13.130511463844798,57.75729243029093,56.62109375
8.148148148148147,13.148148148148147,56.98970831450369,56.712890625
8.165784832451498,13.165784832451498,55.610923773016104,56.798828125
8.18342151675485,13.18342151675485,56.97793712517329,56.88671875
8.201058201058201,13.201058201058201,56.702898026088945,56.974609375
8.218694885361552,13.218694885361552,56.30041564132071,57.060546875
8.236331569664902,13.236331569664902,55.465538696333084,57.15234375
8.253968253968253,13.253968253968253,57.207560095455584,57.240234375
8.271604938271604,13.271604938271604,57.07082712155082,57.326171875
8.289241622574956,13.289241622574956,57.794684826625485,57.4140625
8.306878306878307,13.306878306878307,55.652940751182314,57.505859375
8.324514991181658,13.324514991181658,58.39380866177346,57.591796875
8.342151675485008,13.342151675485008,57.96213039168358,57.6796875
8.359788359788359,13.359788359788359,58.946598755288576,57.767578125
8.37742504409171,13.37742504409171,58.80727262328505,57.859375
8.395061728395062,13.395061728395062,56.301046992366736,57.9453125
8.412698412698413,13.412698412698413,57.43196073906782,58.033203125
8.430335097001763,13.430335097001763,59.649021383249384,58.12109375
8.447971781305114,13.447971781305114,58.6699389586443,58.2109375
8.465608465608465,13.465608465608465,57.989804096551694,58.298828125
8.483245149911816,13.483245149911816,57.64055772893175,58.38671875
8.500881834215168,13.500881834215168,58.93301132566533,58.47265625
8.518518518518517,13.518518518518517,59.94288190368507,58.560546875
8.536155202821869,13.536155202821869,59.202827655556554,58.65234375
8.55379188712522,13.55379188712522,59.26019667946064,58.73828125
8.571428571428571,13.571428571428571,60.52767127589044,58.826171875
8.589065255731922,13.589065255731922,58.65706839654303,58.9140625
8.606701940035272,13.606701940035272,58.288848179049225,59.005859375
8.624338624338623,13.624338624338623,59.43180097884263,59.091796875
8.641975308641975,13.641975308641975,58.3672881067226,59.1796875
8.659611992945326,13.659611992945326,61.46321801412407,59.267578125
8.677248677248677,13.677248677248677,57.77659157905291,59.357421875
8.694885361552029,13.694885361552029,60.24067805801604,59.4453125
8.712522045855378,13.712522045855378,59.9887295697071,59.533203125
8.73015873015873,13.73015873015873,58.68165483947907,59.619140625
8.74779541446208,13.74779541446208,56.9424584578278,59.7109375
8.765432098765432,13.765432098765432,59.89220325615653,59.798828125
8.783068783068783,13.783068783068783,60.97201721803043,59.884765625
8.800705467372133,13.800705467372133,59.80020915768543,59.97265625
8.818342151675484,13.818342151675484,60.18820206617674,60.064453125
8.835978835978835,13.835978835978835,60.394585437395264,60.150390625
8.853615520282187,13.853615520282187,59.56193276524397,60.23828125
8.871252204585538,13.871252204585538,59.608750890974356,60.326171875
8.88888888888889,13.88888888888889,59.40862049929939,60.4140625
8.906525573192239,13.906525573192239,60.78081632787273,60.50390625
8.92416225749559,13.92416225749559,61.409132492239515,60.591796875
8.941798941798941,13.941798941798941,60.10261112973984,60.6796875
8.959435626102293,13.959435626102293,61.3489913495886,60.765625
8.977072310405644,13.977072310405644,60.4973504418836,60.857421875
8.994708994708994,13.994708994708994,60.336323697779456,60.9453125
9.012345679012345,14.012345679012345,62.85716818695997,61.03125
9.029982363315696,14.029982363315696,62.431006487488276,61.119140625
9.047619047619047,14.047619047619047,59.67918605119973,61.2109375
9.065255731922399,14.065255731922399,61.23914977259855,61.296875
9.082892416225748,14.082892416225748,61.19250350204717,61.384765625
9.1005291005291,14.1005291005291,61.085297219235756,61.47265625
9.11816578483245,14.11816578483245,60.90405009440897,61.564453125
9.135802469135802,14.135802469135802,62.563559820629436,61.650390625
9.153439153439153,14.153439153439153,59.78570822002499,61.73828125
9.171075837742503,14.171075837742503,61.91499400228162,61.826171875
9.188712522045854,14.188712522045854,63.40547859919531,61.912109375
9.206349206349206,14.206349206349206,63.69753388847917,62.00390625
9.223985890652557,14.223985890652557,60.35372334520763,62.091796875
9.241622574955908,14.241622574955908,63.22214787698416,62.177734375
9.25925925925926,14.25925925925926,60.661832068675466,62.265625
9.276895943562609,14.276895943562609,63.721182615851006,62.357421875
9.29453262786596,14.29453262786596,61.73107415277469,62.443359375
9.312169312169312,14.312169312169312,62.02116646403213,62.53125
9.329805996472663,14.329805996472663,63.165423329350254,62.619140625
9.347442680776014,14.347442680776014,64.12033609253899,62.708984375
9.365079365079364,14.365079365079364,63.359664110910806,62.796875
9.382716049382715,14.382716049382715,60.99916088790627,62.884765625
9.400352733686066,14.400352733686066,63.30279210540297,62.97265625
9.417989417989418,14.417989417989418,63.301977546413,63.0625
9.435626102292769,14.435626102292769,62.57151784620204,63.150390625
9.45326278659612,14.45326278659612,64.05174616441067,63.23828125
9.47089947089947,14.47089947089947,63.292923815587436,63.32421875
9.488536155202821,14.488536155202821,62.50516511779868,63.416015625
9.506172839506172,14.506172839506172,64.18389879940742,63.50390625
9.523809523809524,14.523809523809524,64.88974018400904,63.58984375
9.541446208112875,14.541446208112875,63.64629345689482,63.677734375
9.559082892416225,14.559082892416225,64.35574144523794,63.765625
9.576719576719576,14.576719576719576,63.168496692716666,63.85546875
9.594356261022927,14.594356261022927,64.51290198850928,63.943359375
9.611992945326278,14.611992945326278,63.75068904834693,64.03125
9.62962962962963,14.62962962962963,65.19502255443514,64.119140625
9.64726631393298,14.64726631393298,62.90962709552088,64.208984375
9.66490299823633,14.66490299823633,63.67561636961362,64.296875
9.682539682539682,14.682539682539682,64.28656203951566,64.384765625
9.700176366843033,14.700176366843033,65.90492368639755,64.470703125
9.717813051146384,14.717813051146384,64.35530318225369,64.5625
9.735449735449734,14.735449735449734,65.5740637187409,64.650390625
9.753086419753085,14.753086419753085,65.99781755062624,64.736328125
9.770723104056437,14.770723104056437,65.26683500886492,64.82421875
9.788359788359788,14.788359788359788,64.45252062111773,64.916015625
9.80599647266314,14.80599647266314,66.25725798824742,65.001953125
9.82363315696649,14.82363315696649,65.58812843878091,65.08984375
9.84126984126984,14.84126984126984,64.52167336722079,65.177734375
9.858906525573191,14.858906525573191,64.50019557527956,65.263671875
9.876543209876543,14.876543209876543,66.0576947945998,65.35546875
9.894179894179894,14.894179894179894,64.47548914396691,65.443359375
9.911816578483245,14.911816578483245,65.42370955317023,65.53125
9.929453262786595,14.929453262786595,66.80211435147515,65.6171875
9.947089947089946,14.947089947089946,65.05335770320421,65.708984375
9.964726631393297,14.964726631393297,65.05642655982614,65.796875
9.982363315696649,14.982363315696649,64.066004807748,65.8828125
10.0,15.0,67.56050635726588,65.970703125
10.017636684303351,15.017636684303351,65.859501483028,66.0625
10.0352733686067,15.0352733686067,68.77604349527887,66.1484375
10.052910052910052,15.052910052910052,65.18656272039159,66.236328125
10.070546737213403,15.070546737213403,64.75227317406357,66.32421875
10.088183421516755,15.088183421516755,68.252334412629,66.4140625
10.105820105820106,15.105820105820106,64.65842104138657,66.501953125
10.123456790123456,15.123456790123456,65.92353065868171,66.58984375
10.141093474426807,15.141093474426807,65.471535191845,66.677734375
10.158730158730158,15.158730158730158,64.83076997287694,66.767578125
10.17636684303351,15.17636684303351,69.07609652195633,66.85546875
10.19400352733686,15.19400352733686,64.95895474053862,66.943359375
10.21164021164021,15.21164021164021,67.6358590819628,67.029296875
10.229276895943562,15.229276895943562,66.31178008659691,67.1171875
10.246913580246913,15.246913580246913,66.72048335317146,67.208984375
10.264550264550264,15.264550264550264,68.32910315072782,67.294921875
10.282186948853616,15.282186948853616,68.7006098665544,67.3828125
10.299823633156965,15.299823633156965,67.82647290314968,67.470703125
10.317460317460316,15.317460317460316,67.36585773070185,67.560546875
10.335097001763668,15.335097001763668,67.66210957280435,67.6484375
10.352733686067019,15.352733686067019,67.51172845076306,67.736328125
10.37037037037037,15.37037037037037,67.52019573458452,67.822265625
10.388007054673722,15.388007054673722,69.5717905825246,67.9140625
10.405643738977071,15.405643738977071,68.86353581191835,68.001953125
10.423280423280422,15.423280423280422,67.82874879759103,68.08984375
10.440917107583774,15.440917107583774,69.0048581224759,68.17578125
10.458553791887125,15.458553791887125,68.37098881355587,68.267578125
10.476190476190476,15.476190476190476,69.25128424064627,68.35546875
10.493827160493826,15.493827160493826,66.51341156783947,68.44140625
10.511463844797177,15.511463844797177,67.34526898027214,68.529296875
10.529100529100528,15.529100529100528,69.54096005905798,68.6171875
10.54673721340388,15.54673721340388,70.39602774782406,68.70703125
10.564373897707231,15.564373897707231,69.34615190684852,68.794921875
10.582010582010582,15.582010582010582,68.38353217083043,68.8828125
10.599647266313932,15.599647266313932,66.46694871051895,68.96875
10.617283950617283,15.617283950617283,69.21097896322279,69.060546875
10.634920634920634,15.634920634920634,69.81256828086349,69.1484375
10.652557319223986,15.652557319223986,68.61632236679512,69.236328125
10.670194003527337,15.670194003527337,68.51527015605338,69.322265625
10.687830687830687,15.687830687830687,69.40496730021859,69.4140625
10.705467372134038,15.705467372134038,70.16057226228406,69.501953125
10.72310405643739,15.72310405643739,70.73754941660555,69.587890625
10.74074074074074,15.74074074074074,68.90586177712099,69.67578125
10.758377425044092,15.758377425044092,69.90584714560865,69.767578125
10.776014109347441,15.776014109347441,67.70084839418469,69.853515625
10.793650793650793,15.793650793650793,69.98100550294899,69.9453125
10.811287477954144,15.811287477954144,70.47656595431121,70.033203125
10.828924162257495,15.828924162257495,71.0309571495317,70.119140625
10.846560846560847,15.846560846560847,72.02616558027218,70.20703125
10.864197530864196,15.864197530864196,70.47928497278222,70.291015625
10.881834215167547,15.881834215167547,67.25203790271262,70.384765625
10.899470899470899,15.899470899470899,70.47237945665083,70.47265625
10.91710758377425,15.91710758377425,71.60447758954645,70.560546875
10.934744268077601,15.934744268077601,69.49622834594189,70.6484375
10.952380952380953,15.952380952380953,70.50866524246807,70.734375
10.970017636684302,15.970017636684302,71.61471342451814,70.826171875
10.987654320987653,15.987654320987653,73.1183006382897,70.9140625
11.005291005291005,16.005291005291006,71.87878806768575,71.0
11.022927689594356,16.022927689594354,71.96362331064984,71.087890625
11.040564373897707,16.04056437389771,71.50643739827143,71.18359375
11.058201058201057,16.058201058201057,70.6842657158189,71.265625
11.075837742504408,16.075837742504408,71.95484973587224,71.353515625
11.09347442680776,16.09347442680776,72.45206667477947,71.44140625
11.11111111111111,16.11111111111111,71.52029099687708,71.52734375
11.128747795414462,16.128747795414462,70.32867505163405,71.615234375
11.146384479717813,16.146384479717813,72.5670623018909,71.703125
11.164021164021163,16.164021164021165,71.51093180488213,71.802734375
11.181657848324514,16.181657848324512,72.47555705976518,71.880859375
11.199294532627865,16.199294532627867,71.81599484233736,71.9765625
11.216931216931217,16.216931216931215,71.79399021457202,72.056640625
11.234567901234568,16.23456790123457,73.69353644456376,72.150390625
11.252204585537918,16.252204585537918,71.96942649675002,72.234375
11.269841269841269,16.26984126984127,72.96015987252194,72.322265625
11.28747795414462,16.28747795414462,73.70025707313319,72.408203125
11.305114638447971,16.30511463844797,72.81623007568851,72.49609375
11.322751322751323,16.322751322751323,72.48575623306083,72.591796875
11.340388007054672,16.34038800705467,71.8858130044779,72.673828125
11.358024691358024,16.358024691358025,73.60801748392552,72.76953125
11.375661375661375,16.375661375661373,72.34836477634512,72.849609375
11.393298059964726,16.393298059964728,72.20279867286241,72.943359375
11.410934744268078,16.410934744268076,76.17053054994706,73.0234375
11.428571428571427,16.428571428571427,72.82680523658469,73.115234375
11.446208112874778,16.44620811287478,72.53447865953974,73.203125
11.46384479717813,16.46384479717813,71.35891184895026,73.296875
11.481481481481481,16.48148148148148,74.2111794049379,73.384765625
11.499118165784832,16.499118165784832,72.42033024822068,73.47265625
11.516754850088184,16.516754850088184,72.72558677782865,73.55859375
11.534391534391533,16.53439153439153,71.88466578579322,73.642578125
11.552028218694884,16.552028218694886,74.37595409143536,73.73828125
11.569664902998236,16.569664902998234,73.72585524468954,73.81640625
11.587301587301587,16.58730158730159,74.6942643836949,73.912109375
11.604938271604938,16.604938271604937,73.47498278764594,73.9921875
11.622574955908288,16.622574955908288,75.07538778902035,74.08984375
11.64021164021164,16.64021164021164,73.62386147164457,74.177734375
11.65784832451499,16.65784832451499,74.66906398411624,74.265625
11.675485008818342,16.67548500881834,74.3859309817754,74.353515625
11.693121693121693,16.693121693121693,75.45028032332915,74.439453125
11.710758377425044,16.710758377425044,74.83250178362549,74.52734375
11.728395061728394,16.728395061728392,75.95386217990348,74.611328125
11.746031746031745,16.746031746031747,76.25832364852715,74.705078125
11.763668430335096,16.763668430335095,75.44009667211886,74.79296875
11.781305114638448,16.78130511463845,75.16217219436811,74.888671875
11.798941798941799,16.798941798941797,74.44037429583865,74.966796875
11.816578483245149,16.81657848324515,75.2188995313191,75.05859375
11.8342151675485,16.8342151675485,76.17051699570113,75.146484375
11.851851851851851,16.85185185185185,76.25571672404139,75.232421875
11.869488536155202,16.869488536155202,74.90394620059017,75.3203125
11.887125220458554,16.887125220458554,74.9259865700261,75.408203125
11.904761904761903,16.904761904761905,75.06055855575363,75.498046875
11.922398589065255,16.922398589065253,76.65094115456809,75.5859375
11.940035273368606,16.940035273368608,75.30879059948542,75.681640625
11.957671957671957,16.957671957671955,74.77123382134627,75.76171875
11.975308641975309,16.97530864197531,74.73702951798523,75.85546875
11.992945326278658,16.992945326278658,76.20214322891974,75.939453125
12.01058201058201,17.01058201058201,75.70679888550411,76.02734375
12.02821869488536,17.02821869488536,74.73407616422966,76.11328125
12.045855379188712,17.045855379188712,76.52688086355579,76.201171875
12.063492063492063,17.063492063492063,75.67293453182006,76.296875
12.081128747795415,17.081128747795415,74.16836585584318,76.3828125
12.098765432098764,17.098765432098766,76.24390628609291,76.474609375
12.116402116402115,17.116402116402114,76.47880290956621,76.5546875
12.134038800705467,17.13403880070547,76.495538590925,76.6484375
12.151675485008818,17.151675485008816,77.68531898200801,76.728515625
12.16931216931217,17.16931216931217,77.17840954726371,76.82421875
12.186948853615519,17.18694885361552,76.95568741626583,76.908203125
12.20458553791887,17.20458553791887,77.07519053488897,76.994140625
12.222222222222221,17.22222222222222,77.02692076848727,77.08984375
12.239858906525573,17.239858906525573,77.3818191160015,77.177734375
12.257495590828924,17.257495590828924,77.8159035358996,77.263671875
12.275132275132275,17.275132275132275,77.65622912028392,77.3515625
12.292768959435625,17.292768959435627,78.99967132831438,77.443359375
12.310405643738976,17.310405643738974,77.65124440652062,77.521484375
12.328042328042327,17.32804232804233,78.04263542588339,77.6171875
12.345679012345679,17.345679012345677,77.68354498846601,77.697265625
12.36331569664903,17.363315696649032,76.17473788761956,77.798828125
12.38095238095238,17.38095238095238,79.39814209107394,77.8828125
12.398589065255731,17.39858906525573,79.2519644416672,77.970703125
12.416225749559082,17.416225749559082,77.85241129218974,78.056640625
12.433862433862434,17.433862433862434,76.43141607836576,78.14453125
12.451499118165785,17.451499118165785,76.49124598138442,78.232421875
12.469135802469134,17.469135802469133,77.42659251265344,78.31640625
12.486772486772486,17.486772486772487,79.36618319007906,78.41015625
12.504409171075837,17.504409171075835,79.02104533950406,78.490234375
12.522045855379188,17.52204585537919,77.53587562159936,78.59375
12.53968253968254,17.539682539682538,78.72540446307774,78.671875
12.557319223985889,17.55731922398589,77.02473910783428,78.763671875
12.57495590828924,17.57495590828924,77.92915818989503,78.8515625
12.592592592592592,17.59259259259259,78.28581120174843,78.9375
12.610229276895943,17.610229276895943,78.62414363236317,79.025390625
12.627865961199294,17.627865961199294,77.97737759409,79.11328125
12.645502645502646,17.645502645502646,78.90293002248445,79.19921875
12.663139329805995,17.663139329805993,79.7803889323355,79.291015625
12.680776014109346,17.680776014109348,77.25606332890695,79.38671875
12.698412698412698,17.698412698412696,79.06269937211796,79.466796875
12.716049382716049,17.71604938271605,79.4858170248259,79.560546875
12.7336860670194,17.7336860670194,82.08823955160906,79.640625
12.75132275132275,17.75132275132275,79.51567112209851,79.732421875
12.768959435626101,17.7689594356261,80.28668847713938,79.818359375
12.786596119929452,17.786596119929452,80.43359042802689,79.90625
12.804232804232804,17.804232804232804,79.90089460337593,80.001953125
12.821869488536155,17.821869488536155,82.05879306588551,80.087890625
12.839506172839506,17.839506172839506,80.80533563684193,80.17578125
12.857142857142856,17.857142857142854,82.14134194314335,80.259765625
12.874779541446207,17.87477954144621,80.85764999049537,80.353515625
12.892416225749558,17.892416225749557,78.36790181978331,80.43359375
12.91005291005291,17.91005291005291,81.79533065033127,80.529296875
12.927689594356261,17.92768959435626,79.5489851317709,80.607421875
12.94532627865961,17.94532627865961,80.45694375537641,80.69921875
12.962962962962962,17.962962962962962,81.54682700654608,80.794921875
12.980599647266313,17.980599647266313,81.57485929669981,80.8828125
12.998236331569665,17.998236331569665,81.28663404904883,80.96875
13.015873015873016,18.015873015873016,80.98075747960468,81.056640625
13.033509700176365,18.033509700176367,80.61110546445457,81.1484375
13.051146384479717,18.051146384479715,81.08641553286502,81.2265625
13.068783068783068,18.06878306878307,80.64850878993181,81.322265625
13.08641975308642,18.086419753086417,82.43603297994721,81.40234375
13.10405643738977,18.104056437389772,80.33194803861619,81.50390625
13.12169312169312,18.12169312169312,84.12155260845718,81.587890625
13.139329805996471,18.13932980599647,82.31494172903055,81.67578125
13.156966490299823,18.156966490299823,83.31506434484436,81.76171875
13.174603174603174,18.174603174603174,80.91796402588496,81.849609375
13.192239858906525,18.192239858906525,81.31600690494882,81.9375
13.209876543209877,18.209876543209877,82.85574646967595,82.025390625
13.227513227513226,18.227513227513228,83.20547802559663,82.115234375
13.245149911816577,18.245149911816576,82.19832383971797,82.1953125
13.262786596119929,18.26278659611993,82.03330033135451,82.298828125
13.28042328042328,18.28042328042328,82.31655504346463,82.376953125
13.298059964726631,18.298059964726633,81.72079083246682,82.47265625
13.31569664902998,18.31569664902998,81.81683013750471,82.556640625
13.333333333333332,18.333333333333332,85.10398684570981,82.642578125
13.350970017636683,18.350970017636683,82.56012795329383,82.73046875
13.368606701940035,18.368606701940035,82.79439673808305,82.818359375
13.386243386243386,18.386243386243386,84.01550893420156,82.904296875
13.403880070546737,18.403880070546737,83.69015865835664,83.0
13.421516754850087,18.42151675485009,83.09597285601511,83.091796875
13.439153439153438,18.439153439153436,82.61144971857502,83.169921875
13.45679012345679,18.45679012345679,83.83120299341283,83.265625
13.47442680776014,18.47442680776014,82.13883146102809,83.345703125
13.492063492063492,18.492063492063494,82.96630882655458,83.44140625
13.509700176366842,18.50970017636684,83.31616202447546,83.5234375
13.527336860670193,18.527336860670193,84.93152679957332,83.611328125
13.544973544973544,18.544973544973544,84.4604828528025,83.69921875
13.562610229276896,18.562610229276896,82.36395488039247,83.79296875
13.580246913580247,18.580246913580247,83.12768868606443,83.880859375
13.597883597883596,18.597883597883595,84.48256956223649,83.96484375
13.615520282186948,18.61552028218695,85.23374080045961,84.05859375
13.633156966490299,18.633156966490297,83.83896012809875,84.138671875
13.65079365079365,18.650793650793652,85.94318014626391,84.234375
13.668430335097002,18.668430335097,83.76995593103254,84.3125
13.686067019400351,18.68606701940035,84.41014526576703,84.404296875
13.703703703703702,18.703703703703702,84.50044392004499,84.5
13.721340388007054,18.721340388007054,83.61509750749043,84.587890625
13.738977072310405,18.738977072310405,83.90013884502987,84.673828125
13.756613756613756,18.756613756613756,86.69614472034691,84.76171875
13.774250440917108,18.774250440917108,85.17703725952781,84.849609375
13.791887125220457,18.791887125220455,84.22289430207083,84.931640625
13.809523809523808,18.80952380952381,84.8986863350878,85.02734375
13.82716049382716,18.827160493827158,85.652354101803,85.107421875
13.844797178130511,18.844797178130513,85.49789797811309,85.208984375
13.862433862433862,18.86243386243386,84.23267209110693,85.2890625
13.880070546737212,18.880070546737212,84.81246268840256,85.380859375
13.897707231040563,18.897707231040563,85.12666464732644,85.466796875
13.915343915343914,18.915343915343914,85.70741734235882,85.5546875
13.932980599647266,18.932980599647266,83.7469116895232,85.642578125
13.950617283950617,18.950617283950617,85.93119243496983,85.728515625
13.968253968253968,18.96825396825397,84.5422692301455,85.81640625
13.985890652557318,18.985890652557316,83.21887239035625,85.900390625
14.00352733686067,19.00352733686067,87.40805594506027,86.00390625
14.02116402116402,19.02116402116402,86.34935873854845,86.08203125
14.038800705467372,19.038800705467374,86.17649668332204,86.177734375
14.056437389770723,19.05643738977072,86.83968931100124,86.2578125
14.074074074074073,19.074074074074073,85.20535145567688,86.34765625
14.091710758377424,19.091710758377424,85.88857188101863,86.435546875
14.109347442680775,19.109347442680775,86.05366615430596,86.5234375
14.126984126984127,19.126984126984127,88.13809615846685,86.609375
14.144620811287478,19.144620811287478,86.5636898695105,86.705078125
14.162257495590827,19.16225749559083,88.09788447491134,86.796875
14.179894179894179,19.179894179894177,88.24291056717078,86.875
14.19753086419753,19.19753086419753,86.182946384771,86.970703125
14.215167548500881,19.21516754850088,86.19058966775992,87.05078125
14.232804232804233,19.232804232804234,86.82219861356495,87.146484375
14.250440917107582,19.250440917107582,87.8229082338075,87.228515625
14.268077601410933,19.268077601410933,86.50478185396936,87.31640625
14.285714285714285,19.285714285714285,86.44474840271901,87.404296875
14.303350970017636,19.303350970017636,88.14205366139684,87.498046875
14.320987654320987,19.320987654320987,86.95158014700179,87.5859375
14.338624338624339,19.33862433862434,89.91257280959967,87.673828125
14.356261022927688,19.35626102292769,88.587385645155,87.763671875
14.37389770723104,19.373897707231038,87.25231268356075,87.84375
14.39153439153439,19.391534391534393,86.91210296339996,87.939453125
14.409171075837742,19.40917107583774,86.78105351772564,88.017578125
14.426807760141093,19.426807760141095,89.83746639170957,88.11328125
14.444444444444443,19.444444444444443,89.14299873327457,88.205078125
14.462081128747794,19.462081128747794,88.96492747011865,88.291015625
14.479717813051145,19.479717813051145,88.76397589116502,88.37890625
14.497354497354497,19.497354497354497,88.0689354084442,88.466796875
14.514991181657848,19.514991181657848,88.2439751200384,88.5546875
14.5326278659612,19.5326278659612,87.41606667477794,88.640625
14.550264550264549,19.55026455026455,88.89759049258765,88.732421875
14.5679012345679,19.5679012345679,88.79901206233794,88.8125
14.585537918871252,19.585537918871253,90.37555365162007,88.90625
14.603174603174603,19.6031746031746,89.41844602798649,88.994140625
14.620811287477954,19.620811287477956,86.39349497691195,89.08984375
14.638447971781304,19.638447971781304,88.85553876035148,89.171875
14.656084656084655,19.656084656084655,88.3206951799816,89.259765625
14.673721340388006,19.673721340388006,90.7358365349918,89.34765625
14.691358024691358,19.691358024691358,90.1549644948805,89.43359375
14.708994708994709,19.70899470899471,90.25743619826106,89.521484375
14.726631393298058,19.726631393298057,90.65114931837155,89.60546875
14.74426807760141,19.74426807760141,89.08563657926494,89.708984375
14.761904761904761,19.76190476190476,90.55394573172164,89.787109375
14.779541446208112,19.779541446208114,91.35248588579876,89.8828125
14.797178130511464,19.797178130511462,90.27950236406987,89.962890625
14.814814814814813,19.814814814814813,89.78540413863446,90.052734375
14.832451499118164,19.832451499118164,89.16108957578408,90.140625
14.850088183421516,19.850088183421516,90.29746443567565,90.228515625
14.867724867724867,19.867724867724867,89.72289518905166,90.314453125
14.885361552028218,19.88536155202822,89.94360880602862,90.40234375
14.90299823633157,19.90299823633157,89.17525664236618,90.498046875
14.92063492063492,19.920634920634917,90.29906771825397,90.580078125
14.93827160493827,19.938271604938272,92.18900626968995,90.67578125
14.955908289241622,19.95590828924162,90.40023262433584,90.755859375
14.973544973544973,19.973544973544975,90.66125332959906,90.849609375
14.991181657848324,19.991181657848323,89.64670445321067,90.9296875
15.008818342151674,20.008818342151674,91.3073781789865,91.021484375
15.026455026455025,20.026455026455025,92.3554683629954,91.109375
15.044091710758376,20.044091710758376,90.85779018038932,91.203125
15.061728395061728,20.061728395061728,90.68946621763138,91.291015625
15.079365079365079,20.07936507936508,91.12482909469233,91.37890625
15.09700176366843,20.09700176366843,91.42072502514547,91.46484375
15.11463844797178,20.114638447971778,90.7948060599678,91.548828125
15.132275132275131,20.132275132275133,91.4004438602251,91.64453125
15.149911816578483,20.14991181657848,92.20056827216426,91.72265625
15.167548500881834,20.167548500881836,92.73926853742176,91.818359375
15.185185185185185,20.185185185185183,92.42340211789461,91.8984375
15.202821869488535,20.202821869488535,91.3489171442442,91.99609375
15.220458553791886,20.220458553791886,92.59187829147275,92.083984375
15.238095238095237,20.238095238095237,92.77155526585568,92.171875
15.255731922398589,20.25573192239859,92.08087989256151,92.259765625
15.27336860670194,20.27336860670194,91.31029546055724,92.345703125
15.29100529100529,20.29100529100529,92.79997995287259,92.4375
15.30864197530864,20.30864197530864,93.01433628897854,92.517578125
15.326278659611992,20.326278659611994,92.1186844301912,92.611328125
15.343915343915343,20.34391534391534,91.95976882579787,92.69921875
15.361552028218695,20.361552028218696,92.17277443535708,92.794921875
15.379188712522044,20.379188712522044,92.40604840664926,92.876953125
15.396825396825395,20.396825396825395,91.48679820643098,92.96484375
15.414462081128747,20.414462081128747,95.06643096160029,93.052734375
15.432098765432098,20.432098765432098,94.25300958207369,93.138671875
15.44973544973545,20.44973544973545,92.82371439848461,93.2265625
15.4673721340388,20.4673721340388,92.83163701933765,93.314453125
15.48500881834215,20.485008818342152,91.88430727133145,93.412109375
15.502645502645501,20.5026455026455,93.19573154330337,93.4921875
15.520282186948853,20.520282186948855,90.5647581910417,93.587890625
15.537918871252204,20.537918871252202,91.65101173318341,93.66796875
15.555555555555555,20.555555555555557,94.14650429926516,93.76171875
15.573192239858905,20.573192239858905,94.97360877574695,93.845703125
15.590828924162256,20.590828924162256,94.40012493413889,93.93359375
15.608465608465607,20.608465608465607,95.4373607834769,94.01953125
15.626102292768959,20.62610229276896,95.15012135516477,94.107421875
15.64373897707231,20.64373897707231,93.64992355471712,94.203125
15.661375661375661,20.66137566137566,93.02324855552953,94.2890625
15.679012345679011,20.679012345679013,96.50804195240428,94.380859375
15.696649029982362,20.69664902998236,95.0160855135394,94.4609375
15.714285714285714,20.714285714285715,93.91320399522857,94.5546875
15.731922398589065,20.731922398589063,93.58377553919618,94.634765625
15.749559082892416,20.749559082892418,93.90522708843682,94.73046875
15.767195767195766,20.767195767195766,94.51182624049234,94.814453125
15.784832451499117,20.784832451499117,95.8055727607304,94.908203125
15.802469135802468,20.80246913580247,93.43173083828046,94.99609375
15.82010582010582,20.82010582010582,96.47333378659039,95.083984375
15.83774250440917,20.83774250440917,97.28768268121155,95.169921875
15.85537918871252,20.85537918871252,96.44143806501668,95.25390625
15.873015873015872,20.873015873015873,95.71620522286867,95.349609375
15.890652557319223,20.89065255731922,93.37427448006041,95.427734375
15.908289241622574,20.908289241622576,95.6713795161929,95.5234375
15.925925925925926,20.925925925925924,96.51060185683369,95.603515625
15.943562610229275,20.943562610229275,96.79729223704321,95.701171875
15.961199294532626,20.961199294532626,96.03022807648746,95.7890625
15.978835978835978,20.978835978835978,94.42597255254208,95.876953125
15.996472663139329,20.99647266313933,96.11078130043326,95.962890625
16.01410934744268,21.01410934744268,96.47826292528968,96.05078125
16.03174603174603,21.03174603174603,96.09271852504172,96.138671875
16.049382716049383,21.049382716049383,95.70119273397377,96.2265625
16.067019400352734,21.067019400352734,97.67768124566867,96.3125
16.084656084656082,21.084656084656082,96.09951872144352,96.408203125
16.102292768959433,21.102292768959433,97.67962007373201,96.49609375
16.119929453262785,21.119929453262785,96.46760938366397,96.58203125
16.137566137566136,21.137566137566136,97.37008424155367,96.669921875
16.155202821869487,21.155202821869487,96.83661013163558,96.7578125
16.17283950617284,21.17283950617284,96.58135229376586,96.84375
16.19047619047619,21.19047619047619,97.07966287935797,96.931640625
16.20811287477954,21.20811287477954,95.28721611090938,97.01953125
16.225749559082892,21.225749559082892,96.03818269309384,97.10546875
16.243386243386244,21.243386243386244,96.11224888262633,97.201171875
16.261022927689595,21.261022927689595,97.23860097812359,97.2890625
16.278659611992943,21.278659611992943,97.26187079020221,97.376953125
16.296296296296294,21.296296296296294,98.85238840316265,97.462890625
16.313932980599645,21.313932980599645,98.55072977361483,97.55078125
16.331569664902997,21.331569664902997,97.3951990851011,97.638671875
16.349206349206348,21.349206349206348,98.31592070007373,97.724609375
16.3668430335097,21.3668430335097,98.92472389952876,97.8125
16.38447971781305,21.38447971781305,98.17059798511575,97.908203125
16.402116402116402,21.402116402116402,97.4820215176555,97.994140625
16.419753086419753,21.419753086419753,99.65831210012303,98.08203125
16.437389770723104,21.437389770723104,99.30344941269774,98.169921875
16.455026455026456,21.455026455026456,98.46640846046141,98.255859375
16.472663139329804,21.472663139329804,99.07840418347159,98.34375
16.490299823633155,21.490299823633155,97.25097087432314,98.431640625
16.507936507936506,21.507936507936506,99.64156554712946,98.517578125
16.525573192239857,21.525573192239857,97.4060095524805,98.60546875
16.54320987654321,21.54320987654321,98.22992126817273,98.701171875
16.56084656084656,21.56084656084656,97.57668299153367,98.7890625
16.57848324514991,21.57848324514991,99.49620083425265,98.875
16.596119929453263,21.596119929453263,99.79276651706923,98.962890625
16.613756613756614,21.613756613756614,98.24293576785186,99.05078125
16.631393298059965,21.631393298059965,99.03251485451828,99.13671875
16.649029982363317,21.649029982363317,100.03812211279782,99.224609375
16.666666666666664,21.666666666666664,99.35043958615877,99.3125
16.684303350970016,21.684303350970016,99.26338992641095,99.40625
16.701940035273367,21.701940035273367,99.3573534379233,99.494140625
16.719576719576718,21.719576719576718,98.96116193449832,99.58203125
16.73721340388007,21.73721340388007,101.02944811230623,99.66796875
16.75485008818342,21.75485008818342,98.35244905010475,99.755859375
16.772486772486772,21.772486772486772,97.84471367288606,99.84375
16.790123456790123,21.790123456790123,101.2862409714425,99.9296875
16.807760141093475,21.807760141093475,103.44258367562365,100.017578125
16.825396825396826,21.825396825396826,98.73133354688554,100.11328125
16.843033509700174,21.843033509700174,101.35186607128345,100.201171875
16.860670194003525,21.860670194003525,101.65237840756903,100.287109375
16.878306878306876,21.878306878306876,100.19971292966599,100.375
16.895943562610228,21.895943562610228,100.06135603711272,100.462890625
16.91358024691358,21.91358024691358,100.34739807900998,100.548828125
16.93121693121693,21.93121693121693,101.18516092008224,100.63671875
16.94885361552028,21.94885361552028,100.1202433490977,100.724609375
16.966490299823633,21.966490299823633,100.90778538210073,100.810546875
16.984126984126984,21.984126984126984,101.38679990587623,100.90625
17.001763668430335,22.001763668430335,101.07096956194222,100.994140625
17.019400352733687,22.019400352733687,102.15381138493053,101.080078125
17.037037037037035,22.037037037037035,101.01178519832519,101.16796875
17.054673721340386,22.054673721340386,100.60958396694386,101.255859375
17.072310405643737,22.072310405643737,100.91085211554083,101.34375
17.08994708994709,22.08994708994709,101.49136191528149,101.4296875
17.10758377425044,22.10758377425044,100.26506186499056,101.517578125
17.12522045855379,22.12522045855379,101.6912920518602,101.61328125
17.142857142857142,22.142857142857142,100.89261054176512,101.69921875
17.160493827160494,22.160493827160494,101.71635156053684,101.787109375
17.178130511463845,22.178130511463845,102.67151379545774,101.875
17.195767195767196,22.195767195767196,101.02293422927984,101.9609375
17.213403880070544,22.213403880070544,101.37344670858673,102.048828125
17.231040564373895,22.231040564373895,102.29267485503975,102.13671875
17.248677248677247,22.248677248677247,101.90349824643177,102.22265625
17.266313932980598,22.266313932980598,104.16783155200162,102.310546875
17.28395061728395,22.28395061728395,104.60525611686607,102.40625
17.3015873015873,22.3015873015873,102.88158120886185,102.494140625
17.319223985890652,22.319223985890652,101.83234435394475,102.580078125
17.336860670194003,22.336860670194003,103.18306154442338,102.66796875
17.354497354497354,22.354497354497354,103.59559777702592,102.755859375
17.372134038800706,22.372134038800706,103.49192880337081,102.841796875
17.389770723104057,22.389770723104057,102.7734056100969,102.9296875
17.407407407407405,22.407407407407405,102.96312324395663,103.017578125
17.425044091710756,22.425044091710756,103.26760187754176,103.111328125
17.442680776014107,22.442680776014107,102.2398742789347,103.19921875
17.46031746031746,22.46031746031746,101.81332805009276,103.287109375
17.47795414462081,22.47795414462081,105.50979195783346,103.373046875
17.49559082892416,22.49559082892416,103.60207479243397,103.4609375
17.513227513227513,22.513227513227513,104.63280555903356,103.548828125
17.530864197530864,22.530864197530864,104.01434440966872,103.634765625
17.548500881834215,22.548500881834215,103.93126072030564,103.72265625
17.566137566137566,22.566137566137566,105.49067583882473,103.810546875
17.583774250440918,22.583774250440918,104.56529990841936,103.90625
17.601410934744266,22.601410934744266,103.67149209999384,103.9921875
17.619047619047617,22.619047619047617,105.55061116877616,104.080078125
17.636684303350968,22.636684303350968,102.94654035341755,104.16796875
17.65432098765432,22.65432098765432,103.24258966108152,104.25390625
17.67195767195767,22.67195767195767,103.85013410806036,104.341796875
17.689594356261022,22.689594356261022,103.624728959149,104.4296875
17.707231040564373,22.707231040564373,106.46182127128709,104.515625
17.724867724867725,22.724867724867725,105.36378953134302,104.611328125
17.742504409171076,22.742504409171076,105.09290066664344,104.69921875
17.760141093474427,22.760141093474427,103.58769364171212,104.78515625
17.77777777777778,22.77777777777778,105.88587574493808,104.873046875
17.795414462081126,22.795414462081126,104.24721501633157,104.9609375
17.813051146384478,22.813051146384478,104.58594928609344,105.048828125
17.83068783068783,22.83068783068783,103.48335167433208,105.134765625
17.84832451499118,22.84832451499118,105.76962156240039,105.22265625
17.86596119929453,22.86596119929453,103.60498428749933,105.310546875
17.883597883597883,22.883597883597883,105.11445015880369,105.404296875
17.901234567901234,22.901234567901234,103.71865925273211,105.4921875
17.918871252204585,22.918871252204585,106.62390149789101,105.580078125
17.936507936507937,22.936507936507937,105.90229062834408,105.666015625
17.954144620811288,22.954144620811288,105.2352929744924,105.75390625
17.971781305114636,22.971781305114636,107.28690079772255,105.841796875
17.989417989417987,22.989417989417987,106.83356530836092,105.927734375
18.00705467372134,23.00705467372134,106.41422646267011,106.015625
18.02469135802469,23.02469135802469,104.86855974437077,106.111328125
18.04232804232804,23.04232804232804,105.98036513806755,106.197265625
18.059964726631392,23.059964726631392,105.06920946566053,106.28515625
18.077601410934744,23.077601410934744,104.68532786502412,106.373046875
18.095238095238095,23.095238095238095,105.387743880916,106.4609375
18.112874779541446,23.112874779541446,105.45315943662459,106.546875
18.130511463844798,23.130511463844798,106.57523032642898,106.634765625
18.14814814814815,23.14814814814815,108.32255882254435,106.72265625
18.165784832451497,23.165784832451497,106.42715181318839,106.80859375
18.183421516754848,23.183421516754848,105.89351591116838,106.904296875
18.2010582010582,23.2010582010582,105.16180616309475,106.9921875
18.21869488536155,23.21869488536155,107.73506681312436,107.078125
18.2363315696649,23.2363315696649,107.95321345267705,107.166015625
18.253968253968253,23.253968253968253,107.1212633093552,107.25390625
18.271604938271604,23.271604938271604,107.32711180351258,107.33984375
18.289241622574956,23.289241622574956,107.41208607333178,107.427734375
18.306878306878307,23.306878306878307,107.66992485345239,107.515625
18.32451499118166,23.32451499118166,109.25447158446721,107.609375
18.342151675485006,23.342151675485006,107.02081832597068,107.697265625
18.359788359788357,23.359788359788357,107.72886236080113,107.78515625
18.37742504409171,23.37742504409171,107.44189157455256,107.873046875
18.39506172839506,23.39506172839506,108.6194515221749,107.958984375
18.41269841269841,23.41269841269841,108.61564336390742,108.046875
18.430335097001763,23.430335097001763,108.44592891387191,108.134765625
18.447971781305114,23.447971781305114,107.77628362737988,108.220703125
18.465608465608465,23.465608465608465,107.65263618196387,108.31640625
18.483245149911816,23.483245149911816,107.49516880827433,108.404296875
18.500881834215168,23.500881834215168,108.04227026577811,108.490234375
18.51851851851852,23.51851851851852,105.95422164416517,108.578125
18.536155202821867,23.536155202821867,109.26567187978446,108.666015625
18.553791887125218,23.553791887125218,106.85595092595642,108.751953125
18.57142857142857,23.57142857142857,109.76789088777632,108.83984375
18.58906525573192,23.58906525573192,108.21542589321487,108.927734375
18.606701940035272,23.606701940035272,109.06751994457063,109.015625
18.624338624338623,23.624338624338623,109.13777133903488,109.109375
18.641975308641975,23.641975308641975,108.81603670404702,109.197265625
18.659611992945326,23.659611992945326,109.26841653893896,109.28515625
18.677248677248677,23.677248677248677,109.80783812620352,109.37109375
18.69488536155203,23.69488536155203,109.1362972700757,109.458984375
18.71252204585538,23.71252204585538,108.16834529842882,109.546875
18.730158730158728,23.730158730158728,110.36268334407642,109.6328125
18.74779541446208,23.74779541446208,110.52999349459974,109.720703125
18.76543209876543,23.76543209876543,109.24614317964544,109.81640625
18.78306878306878,23.78306878306878,110.4351490758153,109.90234375
18.800705467372133,23.800705467372133,109.82994787653077,109.990234375
18.818342151675484,23.818342151675484,109.96685494211887,110.078125
18.835978835978835,23.835978835978835,110.99280379261748,110.1640625
18.853615520282187,23.853615520282187,109.03225738148784,110.251953125
18.871252204585538,23.871252204585538,110.94757572354622,110.33984375
18.88888888888889,23.88888888888889,110.2018538870781,110.427734375
18.90652557319224,23.90652557319224,109.30680646381347,110.513671875
18.92416225749559,23.92416225749559,110.69888763113816,110.609375
18.94179894179894,23.94179894179894,111.49636132107305,110.697265625
18.95943562610229,23.95943562610229,111.67705349868916,110.783203125
18.977072310405642,23.977072310405642,109.92564371451836,110.87109375
18.994708994708994,23.994708994708994,112.0269733887477,110.958984375
19.012345679012345,24.012345679012345,110.59025120858956,111.044921875
19.029982363315696,24.029982363315696,113.33969860467751,111.1328125
19.047619047619047,24.047619047619047,110.48243907903819,111.220703125
19.0652557319224,24.0652557319224,110.85882788222115,111.314453125
19.08289241622575,24.08289241622575,112.1203755333049,111.40234375
19.100529100529098,24.100529100529098,111.77145957442085,111.490234375
19.11816578483245,24.11816578483245,113.77978448124624,111.578125
19.1358024691358,24.1358024691358,111.69485214205888,111.6640625
19.15343915343915,24.15343915343915,109.91191215953256,111.751953125
19.171075837742503,24.171075837742503,111.01370782202667,111.83984375
19.188712522045854,24.188712522045854,112.21648436366175,111.92578125
19.206349206349206,24.206349206349206,112.95565990282915,112.013671875
19.223985890652557,24.223985890652557,113.49390088809724,112.109375
19.241622574955908,24.241622574955908,111.14011511066818,112.1953125
19.25925925925926,24.25925925925926,113.13639379396265,112.283203125
19.27689594356261,24.27689594356261,110.88065744138586,112.37109375
19.29453262786596,24.29453262786596,112.72283147022011,112.45703125
19.31216931216931,24.31216931216931,112.56423294251668,112.544921875
19.32980599647266,24.32980599647266,112.65082153212177,112.6328125
19.347442680776012,24.347442680776012,112.72326093232364,112.720703125
19.365079365079364,24.365079365079364,111.84610970167768,112.814453125
19.382716049382715,24.382716049382715,113.27998354936376,112.90234375
19.400352733686066,24.400352733686066,113.27266467504944,112.990234375
19.417989417989418,24.417989417989418,112.45262621148176,113.076171875
19.43562610229277,24.43562610229277,112.6562329709486,113.1640625
19.45326278659612,24.45326278659612,113.38071416205082,113.251953125
19.470899470899468,24.470899470899468,112.78060465447398,113.337890625
19.48853615520282,24.48853615520282,112.68806802205806,113.42578125
19.50617283950617,24.50617283950617,113.26753157966239,113.513671875
19.523809523809522,24.523809523809522,111.81887872761398,113.607421875
19.541446208112873,24.541446208112873,113.75587639866967,113.6953125
19.559082892416225,24.559082892416225,113.16529035121319,113.783203125
19.576719576719576,24.576719576719576,114.84609090399944,113.869140625
19.594356261022927,24.594356261022927,112.57516405912062,113.95703125
19.61199294532628,24.61199294532628,112.67621851895767,114.044921875
19.62962962962963,24.62962962962963,112.65796660138795,114.1328125
19.64726631393298,24.64726631393298,113.69527979623837,114.21875
19.66490299823633,24.66490299823633,114.31873606530947,114.314453125
19.68253968253968,24.68253968253968,112.71629010253612,114.40234375
19.70017636684303,24.70017636684303,113.76312856873912,114.48828125
19.717813051146383,24.717813051146383,114.00297269328472,114.576171875
19.735449735449734,24.735449735449734,115.78516805688712,114.6640625
19.753086419753085,24.753086419753085,115.0105868136254,114.75
19.770723104056437,24.770723104056437,114.3057470409944,114.837890625
19.788359788359788,24.788359788359788,114.1403374021229,114.92578125
19.80599647266314,24.80599647266314,113.87465030880323,115.01953125
19.82363315696649,24.82363315696649,115.68633938674193,115.107421875
19.841269841269842,24.841269841269842,115.52479695611508,115.1953125
19.85890652557319,24.85890652557319,117.03685773825799,115.283203125
19.87654320987654,24.87654320987654,116.45287624379496,115.369140625
19.894179894179892,24.894179894179892,115.8951130664332,115.45703125
19.911816578483243,24.911816578483243,114.37757854105962,115.544921875
19.929453262786595,24.929453262786595,116.23671698984711,115.630859375
19.947089947089946,24.947089947089946,116.1714687625073,115.71875
19.964726631393297,24.964726631393297,115.99061575767624,115.814453125
19.98236331569665,24.98236331569665,115.66550769605873,115.900390625
20.0,25.0,116.67704154711201,115.98828125
